<?xml version="1.0" encoding="utf-8"?>
<extension type="module" client="administrator" method="upgrade">
  <name>QuizDashboard</name>
  <creationDate>April 2023</creationDate>
  <author>Michelle Ermen</author>
  <authorEmail>michelleermen.digital@gmail.com</authorEmail>
  <version>1.1.0</version>
  <copyright>Copyright © 2023 MSE Digital. All Rights Reserved</copyright>
  <license>http://www.gnu.org/licenses/gpl-3.0.html GNU/GPL</license>
  <description>Geeft de ingezonden QuizKit data weer.</description>
  <scriptfile>script.install.php</scriptfile>
  <files>
    <filename module="mod_quizdashboard">mod_quizdashboard.php</filename>
    <filename>index.html</filename>
    <filename>helper.php</filename>
    <filename>tmpl/default.php</filename>
  </files>
  <config>
  </config>
</extension>